{
    "features": [
        "GyroX",
        "GyroY",
        "GyroZ",
        "AccX",
        "AccY",
        "AccZ"
    ],
    "gesture_map": {
        "0": 0,
        "1": 1,
        "2": 2,
        "3": 3,
        "4": 4
    },
    "final_accuracy": 0.9811320900917053,
    "final_loss": 0.19505728781223297
}